package,name,composable,skippable,restartable,readonly,inline,isLambda,hasDefaults,defaultsGroup,groups,calls,
com.example.seniorshield.core.designsystem.component.PrimaryButton,PrimaryButton,1,1,1,0,0,0,0,0,1,4,
com.example.seniorshield.core.designsystem.component.SecondaryButton,SecondaryButton,1,1,1,0,0,0,0,0,1,4,
com.example.seniorshield.core.designsystem.component.BasicTextButton,BasicTextButton,1,1,1,0,0,0,0,0,1,3,
com.example.seniorshield.core.designsystem.component.ButtonsPreview,ButtonsPreview,1,1,1,0,0,0,0,0,1,1,
com.example.seniorshield.core.designsystem.component.dpadFocusHighlight,dpadFocusHighlight,1,0,0,0,0,0,0,0,1,2,
com.example.seniorshield.core.designsystem.component.PermissionStatusItem,PermissionStatusItem,1,1,1,0,0,0,0,0,1,2,
com.example.seniorshield.core.designsystem.component.SeniorShieldScaffold,SeniorShieldScaffold,1,1,1,0,0,0,0,0,1,1,
com.example.seniorshield.core.designsystem.component.StatusCard,StatusCard,1,1,1,0,0,0,0,0,1,2,
com.example.seniorshield.core.designsystem.component.StatusCardPreview,StatusCardPreview,1,1,1,0,0,0,0,0,1,1,
com.example.seniorshield.core.designsystem.theme.SeniorShieldTheme,SeniorShieldTheme,1,1,1,0,0,0,1,0,2,2,
com.example.seniorshield.core.navigation.SeniorShieldNavGraph,SeniorShieldNavGraph,1,0,1,0,0,0,0,0,1,3,
com.example.seniorshield.feature.guardian.GuardianAddContent,GuardianAddContent,1,1,1,0,0,0,0,0,1,1,
com.example.seniorshield.feature.guardian.GuardianContent,GuardianContent,1,0,1,0,0,0,0,0,1,2,
com.example.seniorshield.feature.guardian.GuardianCard,GuardianCard,1,1,1,0,0,0,0,0,1,1,
com.example.seniorshield.feature.guardian.SmsGuardianPickerDialog,SmsGuardianPickerDialog,1,0,1,0,0,0,0,0,1,1,
com.example.seniorshield.feature.history.HistoryContent,HistoryContent,1,0,1,0,0,0,0,0,1,1,
com.example.seniorshield.feature.history.HistoryScreenPreview,HistoryScreenPreview,1,1,1,0,0,0,0,0,1,1,
com.example.seniorshield.feature.home.HomeContent,HomeContent,1,1,1,0,0,0,0,0,1,3,
com.example.seniorshield.feature.home.GuardianContactDialog,GuardianContactDialog,1,1,1,0,0,0,0,0,1,1,
com.example.seniorshield.feature.home.GuardedSessionCard,GuardedSessionCard,1,1,1,0,0,0,0,0,1,3,
com.example.seniorshield.feature.home.WeeklyTipCard,WeeklyTipCard,1,1,1,0,0,0,0,0,1,2,
com.example.seniorshield.feature.home.PermissionsWarningBanner,PermissionsWarningBanner,1,1,1,0,0,0,0,0,1,3,
com.example.seniorshield.feature.home.SettingsListItem,SettingsListItem,1,1,1,0,0,0,0,0,2,3,
com.example.seniorshield.feature.home.HomeScreenPreview,HomeScreenPreview,1,1,1,0,0,0,0,0,1,1,
com.example.seniorshield.feature.onboarding.OnboardingContent,OnboardingContent,1,1,1,0,0,0,0,0,1,1,
com.example.seniorshield.feature.onboarding.OnboardingScreenPreview,OnboardingScreenPreview,1,1,1,0,0,0,0,0,1,1,
com.example.seniorshield.feature.permissions.PermissionsContent,PermissionsContent,1,0,1,0,0,0,0,0,1,3,
com.example.seniorshield.feature.policy.PolicyContent,PolicyContent,1,0,1,0,0,0,0,0,1,1,
com.example.seniorshield.feature.policy.PolicyScreenPreview,PolicyScreenPreview,1,1,1,0,0,0,0,0,1,1,
com.example.seniorshield.feature.settings.SettingsContent,SettingsContent,1,0,1,0,0,0,0,0,1,1,
com.example.seniorshield.feature.settings.DebugPanel,DebugPanel,1,0,1,0,0,0,0,0,1,2,
com.example.seniorshield.feature.settings.SessionStateCard,SessionStateCard,1,0,1,0,0,0,0,0,3,3,
com.example.seniorshield.feature.settings.SessionRow,SessionRow,1,1,1,0,0,0,0,0,1,1,
com.example.seniorshield.feature.settings.TestModeToggleItem,TestModeToggleItem,1,1,1,0,0,0,0,0,1,2,
com.example.seniorshield.feature.settings.SettingsListItem,SettingsListItem,1,1,1,0,0,0,0,0,1,3,
com.example.seniorshield.feature.settings.SmsMenuToggleItem,SmsMenuToggleItem,1,1,1,0,0,0,0,0,1,3,
com.example.seniorshield.feature.settings.SettingsScreenPreview,SettingsScreenPreview,1,1,1,0,0,0,0,0,1,1,
com.example.seniorshield.feature.simulation.ScenarioCard,ScenarioCard,1,0,1,0,0,0,0,0,1,4,
com.example.seniorshield.feature.simulation.StepContent,StepContent,1,0,1,0,0,0,0,0,2,10,
com.example.seniorshield.feature.simulation.CompletionContent,CompletionContent,1,0,1,0,0,0,0,0,1,1,
com.example.seniorshield.feature.warning.WarningContent,WarningContent,1,0,1,0,0,0,0,0,2,3,
com.example.seniorshield.feature.warning.ContactSection,ContactSection,1,1,1,0,0,0,0,0,1,1,
com.example.seniorshield.feature.warning.WarningCard,WarningCard,1,1,1,0,0,0,0,0,2,3,
com.example.seniorshield.feature.warning.BehaviorCheckSection,BehaviorCheckSection,1,0,1,0,0,0,0,0,1,1,
com.example.seniorshield.feature.warning.BehaviorCheckItem,BehaviorCheckItem,1,1,1,0,0,0,0,0,1,1,
com.example.seniorshield.feature.warning.BehaviorAnswerButton,BehaviorAnswerButton,1,1,1,0,0,0,0,0,3,3,
com.example.seniorshield.feature.warning.Checklist,Checklist,1,1,1,0,0,0,0,0,1,1,
com.example.seniorshield.feature.warning.ChecklistItem,ChecklistItem,1,1,1,0,0,0,0,0,1,1,
com.example.seniorshield.feature.warning.InstitutionSection,InstitutionSection,1,1,1,0,0,0,0,0,1,1,
com.example.seniorshield.feature.warning.InstitutionCard,InstitutionCard,1,1,1,0,0,0,0,0,1,1,
com.example.seniorshield.feature.warning.GuardianPickerDialog,GuardianPickerDialog,1,0,1,0,0,0,0,0,1,1,
com.example.seniorshield.feature.warning.SmsGuardianPickerDialog,SmsGuardianPickerDialog,1,0,1,0,0,0,0,0,1,1,
com.example.seniorshield.feature.warning.WarningScreenPreview,WarningScreenPreview,1,1,1,0,0,0,0,0,1,1,
